{
  "metric": "ttfc",
  "group_by": "target_num_delta_prompt_tokens",
  "groups": {
    "500": {
      "count": 2025,
      "mean": 0.3013871700555822,
      "median": 0.30980798229575157,
      "std": 0.12222527676279701,
      "min": 0.04636532813310623,
      "max": 0.8529129400849342,
      "p90": 0.4320487376302481,
      "p99": 0.6891897992044685
    }
  }
}