{
  "tpot_based_throughput": 38.02413733304645,
  "tbc_based_throughput": 8.390460141635891
}