{
  "config": {
    "min_active_requests": "max_observed",
    "resolved_min_active_requests": 23,
    "selection_strategy": "all",
    "anchor_to_client_pickup": true,
    "require_streaming": true
  },
  "eligible_requests": {
    "total_request_rows": 630,
    "eligible": 630,
    "skipped": {
      "non_stream": 0,
      "missing_anchor": 0,
      "no_decode_chunks": 0,
      "empty": 0
    }
  },
  "windows": {
    "num_candidate_segments": 4,
    "num_selected_segments": 4,
    "total_duration_s": 3.790859165092087,
    "per_window": [
      {
        "window_index": 0,
        "start": 177.20817122407138,
        "end": 180.1043061707276,
        "duration_s": 2.8961349466562183,
        "tbc_count": 4954,
        "tbc_mean": 0.013428945973783215,
        "tbc_median": 0.01341296173632145,
        "tbc_p99": 0.01514741798862816
      },
      {
        "window_index": 1,
        "start": 239.81467674700679,
        "end": 240.52598790937185,
        "duration_s": 0.7113111623650639,
        "tbc_count": 1238,
        "tbc_mean": 0.013325956866734922,
        "tbc_median": 0.013353034853935242,
        "tbc_p99": 0.014313300028443332
      },
      {
        "window_index": 2,
        "start": 240.67930112673758,
        "end": 240.78918778146922,
        "duration_s": 0.10988665473163906,
        "tbc_count": 182,
        "tbc_mean": 0.014580471042011465,
        "tbc_median": 0.013966331258416176,
        "tbc_p99": 0.019661103207618
      },
      {
        "window_index": 3,
        "start": 244.29819071859777,
        "end": 244.37171711993693,
        "duration_s": 0.07352640133916566,
        "tbc_count": 143,
        "tbc_mean": 0.01231943039627342,
        "tbc_median": 0.012580491602420807,
        "tbc_p99": 0.014029083885252477
      }
    ]
  },
  "tbc_in_window_stats": {
    "count": 6517,
    "mean": 0.013417194603568062,
    "median": 0.013412918895483017,
    "std": 0.0036251656526422064,
    "min": 0.0014587286859750748,
    "max": 0.17855079658329487,
    "p90": 0.013893523439764976,
    "p99": 0.01524107836186886
  },
  "notes": [
    "Times are relative to the benchmark's request-level time reference.",
    "Decode interval is approximated using TTFC and total stream duration.",
    "TBC samples are included based on chunk-arrival time within the window(s)."
  ]
}