{
  "metric": "ttfc",
  "group_by": "target_num_delta_prompt_tokens",
  "groups": {
    "500": {
      "count": 630,
      "mean": 0.2315970298996757,
      "median": 0.26600286457687616,
      "std": 0.08692234735780223,
      "min": 0.0532588716596365,
      "max": 0.45365123823285103,
      "p90": 0.33102221321314573,
      "p99": 0.4449491972476245
    }
  }
}