{
  "tpot_based_throughput": 86.38150271468113,
  "tbc_based_throughput": 35.79292807505851
}