{
  "metric": "ttfc",
  "group_by": "target_num_delta_prompt_tokens",
  "groups": {
    "500": {
      "count": 1828,
      "mean": 0.2613448507093398,
      "median": 0.2844377290457487,
      "std": 0.0959894307846807,
      "min": 0.04996714927256107,
      "max": 0.5710647441446781,
      "p90": 0.3657628959044814,
      "p99": 0.5341706502996385
    }
  }
}