{
  "tpot_based_throughput": 44.842354237911884,
  "tbc_based_throughput": 10.76760213736503
}