{
  "config": {
    "min_active_requests": "max_observed",
    "resolved_min_active_requests": 93,
    "selection_strategy": "all",
    "anchor_to_client_pickup": true,
    "require_streaming": true
  },
  "eligible_requests": {
    "total_request_rows": 1984,
    "eligible": 1984,
    "skipped": {
      "non_stream": 0,
      "missing_anchor": 0,
      "no_decode_chunks": 0,
      "empty": 0
    }
  },
  "windows": {
    "num_candidate_segments": 2,
    "num_selected_segments": 2,
    "total_duration_s": 1.0481931857448785,
    "per_window": [
      {
        "window_index": 0,
        "start": 297.7485788154894,
        "end": 298.30741762197613,
        "duration_s": 0.5588388064867331,
        "tbc_count": 2022,
        "tbc_mean": 0.025293417893991272,
        "tbc_median": 0.02531562279909849,
        "tbc_p99": 0.026825362555682658
      },
      {
        "window_index": 1,
        "start": 298.54738175219774,
        "end": 299.0367361314559,
        "duration_s": 0.4893543792581454,
        "tbc_count": 1754,
        "tbc_mean": 0.027518367083656136,
        "tbc_median": 0.02587466686964035,
        "tbc_p99": 0.061197407525032756
      }
    ]
  },
  "tbc_in_window_stats": {
    "count": 3776,
    "mean": 0.02632693507584301,
    "median": 0.02565129939466715,
    "std": 0.006592629257928783,
    "min": 0.014748923480510712,
    "max": 0.10976984351873398,
    "p90": 0.026368183083832264,
    "p99": 0.06106209848076105
  },
  "notes": [
    "Times are relative to the benchmark's request-level time reference.",
    "Decode interval is approximated using TTFC and total stream duration.",
    "TBC samples are included based on chunk-arrival time within the window(s)."
  ]
}