{
  "metric": "ttfc",
  "group_by": "target_num_delta_prompt_tokens",
  "groups": {
    "500": {
      "count": 1984,
      "mean": 0.28413768058488775,
      "median": 0.29924197867512703,
      "std": 0.10981451507165876,
      "min": 0.0473062489181757,
      "max": 0.7829810753464699,
      "p90": 0.4214633755385876,
      "p99": 0.5488829621486401
    }
  }
}