{
  "tpot_based_throughput": 41.437426741684895,
  "tbc_based_throughput": 9.447224180682516
}