{
  "metric": "ttfc",
  "group_by": "target_num_delta_prompt_tokens",
  "groups": {
    "500": {
      "count": 1780,
      "mean": 0.2854112300990421,
      "median": 0.25679279305040836,
      "std": 0.13498044834016837,
      "min": 0.047261135652661324,
      "max": 0.7555484361946583,
      "p90": 0.4739204039797187,
      "p99": 0.6624522969126702
    }
  }
}