{
  "tpot_based_throughput": 27.732548240755627,
  "tbc_based_throughput": 6.706950489821081
}