{
  "metric": "ttfc",
  "group_by": "target_num_delta_prompt_tokens",
  "groups": {
    "500": {
      "count": 2097,
      "mean": 0.31647222940523567,
      "median": 0.3176398929208517,
      "std": 0.128576252092244,
      "min": 0.04824947007000446,
      "max": 0.9291930086910725,
      "p90": 0.4695773527026177,
      "p99": 0.7182111996412277
    }
  }
}