{
  "tpot_based_throughput": 36.887723066112024,
  "tbc_based_throughput": 7.797389922569237
}