{
  "metric": "ttfc",
  "group_by": "target_num_delta_prompt_tokens",
  "groups": {
    "500": {
      "count": 299,
      "mean": 0.11797375010208143,
      "median": 0.11282194778323174,
      "std": 0.029777976510406413,
      "min": 0.06128058768808842,
      "max": 0.21281667053699493,
      "p90": 0.15883001424372195,
      "p99": 0.20504878904670476
    }
  }
}