{
  "tpot_based_throughput": 124.25186335557402,
  "tbc_based_throughput": 39.53626318341433
}