{
  "config": {
    "min_active_requests": "max_observed",
    "resolved_min_active_requests": 41,
    "selection_strategy": "all",
    "anchor_to_client_pickup": true,
    "require_streaming": true
  },
  "eligible_requests": {
    "total_request_rows": 877,
    "eligible": 877,
    "skipped": {
      "non_stream": 0,
      "missing_anchor": 0,
      "no_decode_chunks": 0,
      "empty": 0
    }
  },
  "windows": {
    "num_candidate_segments": 1,
    "num_selected_segments": 1,
    "total_duration_s": 0.020335366088716,
    "per_window": [
      {
        "window_index": 0,
        "start": 291.931564899804,
        "end": 291.95190026589273,
        "duration_s": 0.020335366088716,
        "tbc_count": 74,
        "tbc_mean": 0.020606516407349625,
        "tbc_median": 0.011930262669920921,
        "tbc_p99": 0.05237667758017778
      }
    ]
  },
  "tbc_in_window_stats": {
    "count": 74,
    "mean": 0.020606516407349625,
    "median": 0.011930262669920921,
    "std": 0.01981005183356392,
    "min": 3.287196159362793e-05,
    "max": 0.05297123081982136,
    "p90": 0.05120617654174566,
    "p99": 0.05237667758017778
  },
  "notes": [
    "Times are relative to the benchmark's request-level time reference.",
    "Decode interval is approximated using TTFC and total stream duration.",
    "TBC samples are included based on chunk-arrival time within the window(s)."
  ],
  "window": {
    "start": 291.931564899804,
    "end": 291.95190026589273,
    "duration_s": 0.020335366088716
  }
}