{
  "metric": "ttfc",
  "group_by": "target_num_delta_prompt_tokens",
  "groups": {
    "500": {
      "count": 877,
      "mean": 0.23459630445954194,
      "median": 0.2621815763413906,
      "std": 0.08621035234825628,
      "min": 0.04651038162410259,
      "max": 0.49205370619893074,
      "p90": 0.3318093836307526,
      "p99": 0.4442537557333708
    }
  }
}