{
  "tpot_based_throughput": 75.86275528182125,
  "tbc_based_throughput": 14.057792574025425
}