{
  "metric": "ttfc",
  "group_by": "target_num_delta_prompt_tokens",
  "groups": {
    "500": {
      "count": 1717,
      "mean": 0.26869457430625526,
      "median": 0.23864648677408695,
      "std": 0.1351367680375379,
      "min": 0.051608091220259666,
      "max": 0.8728864043951035,
      "p90": 0.4496834516525269,
      "p99": 0.7176785497367382
    }
  }
}