{
  "tpot_based_throughput": 30.374811768843923,
  "tbc_based_throughput": 7.0744218316855605
}