{
  "metric": "ttfc",
  "group_by": "target_num_delta_prompt_tokens",
  "groups": {
    "500": {
      "count": 1662,
      "mean": 0.20392473000768577,
      "median": 0.18728674855083227,
      "std": 0.08030302539845985,
      "min": 0.07268262282013893,
      "max": 0.5767240300774574,
      "p90": 0.30464480537921196,
      "p99": 0.4920108208060264
    }
  }
}