{
  "tpot_based_throughput": 35.416012400533624,
  "tbc_based_throughput": 9.667280615641944
}