{
  "metric": "ttfc",
  "group_by": "target_num_delta_prompt_tokens",
  "groups": {
    "500": {
      "count": 2040,
      "mean": 0.3170743829397229,
      "median": 0.3229867583140731,
      "std": 0.12035972861855446,
      "min": 0.05798867531120777,
      "max": 0.7240238562226295,
      "p90": 0.47212733272463103,
      "p99": 0.6376974577084182
    }
  }
}