{
  "tpot_based_throughput": 38.69604309700559,
  "tbc_based_throughput": 8.57425665972936
}