{
  "metric": "ttfc",
  "group_by": "target_num_delta_prompt_tokens",
  "groups": {
    "500": {
      "count": 2028,
      "mean": 0.3118739562178916,
      "median": 0.3203089814633131,
      "std": 0.11976896272585581,
      "min": 0.04678410105407238,
      "max": 0.8039746843278408,
      "p90": 0.4632379589602351,
      "p99": 0.6578799246624112
    }
  }
}