{
  "tpot_based_throughput": 39.250369064681635,
  "tbc_based_throughput": 8.718997158218496
}