{
  "metric": "ttfc",
  "group_by": "target_num_delta_prompt_tokens",
  "groups": {
    "500": {
      "count": 1532,
      "mean": 0.17900677884177502,
      "median": 0.17567075043916702,
      "std": 0.05226093100884091,
      "min": 0.05738689936697483,
      "max": 0.4213626626878977,
      "p90": 0.24627368673682215,
      "p99": 0.32992036849260353
    }
  }
}