{
  "tpot_based_throughput": 41.826707803673116,
  "tbc_based_throughput": 12.660363044876059
}