{
  "metric": "ttfc",
  "group_by": "target_num_delta_prompt_tokens",
  "groups": {
    "500": {
      "count": 1691,
      "mean": 0.2183863695618371,
      "median": 0.19673974066972733,
      "std": 0.09148027565014051,
      "min": 0.05048121325671673,
      "max": 0.6322602201253176,
      "p90": 0.33279814198613167,
      "p99": 0.5189420564100145
    }
  }
}