{
  "tpot_based_throughput": 33.9010412522461,
  "tbc_based_throughput": 8.865935917918042
}