{
  "metric": "ttfc",
  "group_by": "target_num_delta_prompt_tokens",
  "groups": {
    "500": {
      "count": 2330,
      "mean": 0.3781153813260308,
      "median": 0.3767797267064452,
      "std": 0.14877799184148893,
      "min": 0.0447139460593462,
      "max": 0.8854774795472622,
      "p90": 0.5759160561487078,
      "p99": 0.7672697023116052
    }
  }
}