{
  "tpot_based_throughput": 30.472169852703278,
  "tbc_based_throughput": 6.746272040554928
}