{
  "metric": "ttfc",
  "group_by": "target_num_delta_prompt_tokens",
  "groups": {
    "500": {
      "count": 628,
      "mean": 0.12870458156392453,
      "median": 0.12250179518014193,
      "std": 0.032625744519668515,
      "min": 0.04728106968104839,
      "max": 0.2332171183079481,
      "p90": 0.1702229272574187,
      "p99": 0.2112569584697485
    }
  }
}