{
  "tpot_based_throughput": 85.07785908581792,
  "tbc_based_throughput": 14.410670147002993
}