{
  "metric": "ttfc",
  "group_by": "target_num_delta_prompt_tokens",
  "groups": {
    "500": {
      "count": 1679,
      "mean": 0.21151331475558133,
      "median": 0.1931121163070202,
      "std": 0.08501510311307824,
      "min": 0.07011953927576542,
      "max": 0.6064967326819897,
      "p90": 0.3229513466358185,
      "p99": 0.5111843923479322
    }
  }
}