{
  "tpot_based_throughput": 35.03753421871607,
  "tbc_based_throughput": 9.435937589127168
}