{
  "tpot_based_throughput": 49.52091932215817,
  "tbc_based_throughput": 27.61856674495157
}