{
  "metric": "ttfc",
  "group_by": "target_num_delta_prompt_tokens",
  "groups": {
    "500": {
      "count": 1219,
      "mean": 0.24910522095394536,
      "median": 0.277354022487998,
      "std": 0.09618131818920031,
      "min": 0.054336708039045334,
      "max": 0.5402566324919462,
      "p90": 0.3616635460406542,
      "p99": 0.5216087767109274
    }
  }
}