{
  "tpot_based_throughput": 62.590763830950856,
  "tbc_based_throughput": 13.004039762144577
}