{
  "metric": "ttfc",
  "group_by": "target_num_delta_prompt_tokens",
  "groups": {
    "500": {
      "count": 1666,
      "mean": 0.21217129360839707,
      "median": 0.1907494869083166,
      "std": 0.0930335957237474,
      "min": 0.05152894929051399,
      "max": 0.642024977132678,
      "p90": 0.32979120686650276,
      "p99": 0.5468815593048927
    }
  }
}