{
  "tpot_based_throughput": 35.27744504282592,
  "tbc_based_throughput": 9.090138581461096
}