{
  "metric": "ttfc",
  "group_by": "target_num_delta_prompt_tokens",
  "groups": {
    "500": {
      "count": 2066,
      "mean": 5.687759205820679,
      "median": 1.6213070787489414,
      "std": 6.654818061107782,
      "min": 0.04852748103439808,
      "max": 21.477147242054343,
      "p90": 16.518903668038547,
      "p99": 20.537738519627588
    }
  }
}