{
  "tpot_based_throughput": 17.050607741259448,
  "tbc_based_throughput": 5.960286059850366
}