{
  "metric": "ttfc",
  "group_by": "target_num_delta_prompt_tokens",
  "groups": {
    "500": {
      "count": 1219,
      "mean": 0.15521198659951907,
      "median": 0.14831487648189068,
      "std": 0.04829220348342839,
      "min": 0.049614349380135536,
      "max": 0.45549585670232773,
      "p90": 0.21826189272105695,
      "p99": 0.2981078660115596
    }
  }
}