{
  "tpot_based_throughput": 52.73106070423936,
  "tbc_based_throughput": 13.25233755612036
}