{
  "tpot_based_throughput": 49.71413738824683,
  "tbc_based_throughput": 27.75498719766362
}