{
  "metric": "ttfc",
  "group_by": "target_num_delta_prompt_tokens",
  "groups": {
    "500": {
      "count": 1661,
      "mean": 0.20696088945754387,
      "median": 0.18868002481758595,
      "std": 0.08506631003562679,
      "min": 0.05181988328695297,
      "max": 0.5973548423498869,
      "p90": 0.31536826118826866,
      "p99": 0.5175134211778644
    }
  }
}