{
  "tpot_based_throughput": 35.621607481222384,
  "tbc_based_throughput": 9.341474861819089
}