{
  "metric": "ttfc",
  "group_by": "target_num_delta_prompt_tokens",
  "groups": {
    "500": {
      "count": 2042,
      "mean": 0.30368203065293337,
      "median": 0.30749234091490507,
      "std": 0.11882525513786264,
      "min": 0.04996785148978233,
      "max": 0.769190015271306,
      "p90": 0.4576924553140998,
      "p99": 0.6873590446822343
    }
  }
}