{
  "tpot_based_throughput": 39.80285218737057,
  "tbc_based_throughput": 8.979574429382126
}