{
  "metric": "ttfc",
  "group_by": "target_num_delta_prompt_tokens",
  "groups": {
    "500": {
      "count": 2064,
      "mean": 0.31744649069286274,
      "median": 0.3226413894444704,
      "std": 0.12548086865658328,
      "min": 0.050286754965782166,
      "max": 0.7922463994473219,
      "p90": 0.4730909083038569,
      "p99": 0.7113394307158886
    }
  }
}