{
  "tpot_based_throughput": 38.05483982778449,
  "tbc_based_throughput": 8.331575400860975
}