{
  "metric": "ttfc",
  "group_by": "target_num_delta_prompt_tokens",
  "groups": {
    "500": {
      "count": 2038,
      "mean": 0.3124562776478426,
      "median": 0.3175081489607692,
      "std": 0.12163268156727493,
      "min": 0.050872957333922386,
      "max": 0.8545948825776577,
      "p90": 0.4696138797327876,
      "p99": 0.6272931033931672
    }
  }
}