{
  "tpot_based_throughput": 39.22591550929117,
  "tbc_based_throughput": 8.791651517447468
}