{
  "metric": "ttfc",
  "group_by": "target_num_delta_prompt_tokens",
  "groups": {
    "500": {
      "count": 1693,
      "mean": 0.2776213290958681,
      "median": 0.2923707291483879,
      "std": 0.09746772389241694,
      "min": 0.04894579388201237,
      "max": 0.6872507687658072,
      "p90": 0.38845061995089053,
      "p99": 0.5409711345285175
    }
  }
}