{
  "tpot_based_throughput": 47.03330637752553,
  "tbc_based_throughput": 11.396447736947119
}